{
  "SketchOrigin": [ 0.0, 14.0, 9.5 ],
  "EnvironmentPreset": "ab080599-e465-4a6d-8587-43bf495af68b",
  "ThumbnailCameraTransform": {
    "position": [ 1.46008837, 14.4504871, 9.387463 ],
    "orientation": [ 0.274793357, 0.0462161675, 0.008343665, 0.960355759 ]
  },
  "BrushIndex": [
    "2241cd32-8ba2-48a5-9ee7-2caef7e9ed62"
  ]
}
